{"ptm": 0.6299001574516296, "pae": 8.24476432800293, "plddt": 85.16512298583984, "aa_mutants": "ELVEL"}