{"ptm": 0.6214392781257629, "pae": 8.375640869140625, "plddt": 85.55228424072266, "aa_mutants": "HKQQL"}