{"ptm": 0.6326835751533508, "pae": 7.985328674316406, "plddt": 86.1598892211914, "aa_mutants": "AYHQL"}